layer,field,role,kind,label,default,choices,required,help
line,x,aes,variable,X,,,TRUE,
line,y,aes,variable,Y,,,TRUE,
line,colour,aes,variable,Colour by,,,FALSE,
line,group,aes,variable,Group,,,FALSE,Empty = the colour
line,linetype,aes,variable,Line type by,,,FALSE,
line,linewidth,param,number,Line width,0.5,,FALSE,
point,x,aes,variable,X,,,TRUE,
point,y,aes,variable,Y,,,TRUE,
point,colour,aes,variable,Colour by,,,FALSE,
point,shape,param,shape,Shape,dot,,FALSE,
point,size,param,number,Size,2,,FALSE,
errorbar,x,aes,variable,X,,,TRUE,
errorbar,ymin,aes,variable,Lower,lo,,TRUE,
errorbar,ymax,aes,variable,Upper,hi,,TRUE,
errorbar,colour,aes,variable,Colour by,,,FALSE,
errorbar,width,param,number,Width,0.2,,FALSE,
pointrange,x,aes,variable,X,,,TRUE,
pointrange,y,aes,variable,Y,mean,,TRUE,
pointrange,ymin,aes,variable,Lower,lo,,TRUE,
pointrange,ymax,aes,variable,Upper,hi,,TRUE,
pointrange,colour,aes,variable,Colour by,,,FALSE,
col,x,aes,variable,X,,,TRUE,
col,y,aes,variable,Y,,,TRUE,
col,fill,aes,variable,Fill by,,,FALSE,
col,width,param,number,Width,0.8,,FALSE,
text,x,aes,variable,X,,,TRUE,
text,y,aes,variable,Y,,,TRUE,
text,label,aes,variable,Label,,,TRUE,
text,colour,aes,variable,Colour by,,,FALSE,
text,size,param,number,Size,3,,FALSE,
label,x,aes,variable,X,,,TRUE,
label,y,aes,variable,Y,,,TRUE,
label,label,aes,variable,Label,,,TRUE,
label,size,param,number,Size,3,,FALSE,
step,x,aes,variable,X,,,TRUE,
step,y,aes,variable,Y,,,TRUE,
step,colour,aes,variable,Colour by,,,FALSE,
area,x,aes,variable,X,,,TRUE,
area,y,aes,variable,Y,,,TRUE,
area,fill,aes,variable,Fill by,,,FALSE,
area,alpha,param,number,Transparency,0.5,,FALSE,
ribbon,x,aes,variable,X,,,TRUE,
ribbon,ymin,aes,variable,Lower,lo,,TRUE,
ribbon,ymax,aes,variable,Upper,hi,,TRUE,
ribbon,fill,aes,variable,Fill by,,,FALSE,
ribbon,alpha,param,number,Transparency,0.2,,FALSE,
segment,x,aes,variable,X,,,TRUE,
segment,y,aes,variable,Y,,,TRUE,
segment,xend,aes,variable,X end,,,TRUE,
segment,yend,aes,variable,Y end,,,TRUE,
segment,colour,aes,variable,Colour by,,,FALSE,
segment,linewidth,param,number,Line width,0.5,,FALSE,
tile,x,aes,variable,X,,,TRUE,
tile,y,aes,variable,Y,,,TRUE,
tile,fill,aes,variable,Fill by,,,TRUE,
boxplot,x,aes,variable,X,,,TRUE,
boxplot,y,aes,variable,Y,,,TRUE,
boxplot,fill,aes,variable,Fill by,,,FALSE,
boxplot,width,param,number,Width,0.6,,FALSE,
boxplot,outlier.shape,param,shape,Outlier shape,dot,,FALSE,
violin,x,aes,variable,X,,,TRUE,
violin,y,aes,variable,Y,,,TRUE,
violin,fill,aes,variable,Fill by,,,FALSE,
histogram,x,aes,variable,X,,,TRUE,
histogram,fill,aes,variable,Fill by,,,FALSE,
histogram,bins,param,number,Bins,30,,FALSE,
density,x,aes,variable,X,,,TRUE,
density,colour,aes,variable,Colour by,,,FALSE,
jitter,x,aes,variable,X,,,TRUE,
jitter,y,aes,variable,Y,,,TRUE,
jitter,colour,aes,variable,Colour by,,,FALSE,
jitter,width,param,number,Width,0.2,,FALSE,
jitter,height,param,number,Height,0,,FALSE,
smooth,x,aes,variable,X,,,TRUE,
smooth,y,aes,variable,Y,,,TRUE,
smooth,colour,aes,variable,Colour by,,,FALSE,
smooth,method,param,choice,Method,lm,lm | loess | glm | gam,FALSE,
smooth,se,param,logical,Band,TRUE,,FALSE,
hline,yintercept,param,values,At y,0,,TRUE,"Several: 20, -30"
hline,linetype,param,choice,Line type,dashed,solid | dashed | dotted | dotdash | longdash | twodash,FALSE,
hline,colour,param,text,Colour,grey50,,FALSE,
hline,linewidth,param,number,Line width,0.3,,FALSE,
vline,xintercept,param,values,At x,0,,TRUE,"Several: 1, 2"
vline,linetype,param,choice,Line type,dashed,solid | dashed | dotted | dotdash | longdash | twodash,FALSE,
vline,colour,param,text,Colour,grey50,,FALSE,
vline,linewidth,param,number,Line width,0.3,,FALSE,
abline,intercept,param,number,Intercept,0,,FALSE,
abline,slope,param,number,Slope,1,,FALSE,
abline,linetype,param,choice,Line type,dashed,solid | dashed | dotted | dotdash | longdash | twodash,FALSE,
abline,colour,param,text,Colour,grey50,,FALSE,
text_repel,x,aes,variable,X,,,TRUE,
text_repel,y,aes,variable,Y,,,TRUE,
text_repel,label,aes,variable,Label,,,TRUE,
text_repel,colour,aes,variable,Colour by,,,FALSE,
text_repel,size,param,number,Size,3,,FALSE,
line,alpha,param,number,Transparency,,,FALSE,
point,alpha,param,number,Transparency,,,FALSE,
col,position,param,expr,Position (R),,,FALSE,"stack / fill / position_dodge(width = 0.75); empty = as is"
col,colour,param,text,Outline colour,,,FALSE,
boxplot,alpha,param,number,Transparency,,,FALSE,
boxplot,position,param,expr,Position (R),,,FALSE,"e.g. position_dodge(width = 0.8)"
text,position,param,expr,Position (R),,,FALSE,"e.g. position_stack(vjust = 0.5), position_dodge(width = 0.75)"
text,vjust,param,number,Vertical adjust,,,FALSE,"e.g. -0.3 = just above"
segment,arrow,param,expr,Arrow (R),,,FALSE,"e.g. arrow(length = unit(2, 'mm'))"
segment,alpha,param,number,Transparency,,,FALSE,
jitter,alpha,param,number,Transparency,,,FALSE,
jitter,size,param,number,Size,1.2,,FALSE,
point,na.rm,param,logical,Drop missing silently,,,FALSE,
point,group,aes,variable,Group,,,FALSE,"For dodging without a colour, e.g. a mean marker per group"
sina,x,aes,variable,X,,,TRUE,
sina,y,aes,variable,Y,,,TRUE,
sina,colour,aes,variable,Colour by,,,FALSE,
sina,size,param,number,Size,1.2,,FALSE,
sina,alpha,param,number,Transparency,,,FALSE,
errorbar_h,y,aes,variable,Y,,,TRUE,
errorbar_h,xmin,aes,variable,Lower,conf.low,,TRUE,
errorbar_h,xmax,aes,variable,Upper,conf.high,,TRUE,
errorbar_h,colour,aes,variable,Colour by,,,FALSE,
errorbar_h,width,param,number,Height of the ends,0.25,,FALSE,
errorbar_h,na.rm,param,logical,Drop missing silently,TRUE,,FALSE,
